{
  "id": "lettertokens",
  "title": "Letter Tokens",
  "description": "A module for FoundryVTT providing LetterTokens for use in any RPG setting/system. Use these LetterTokens to help your games run more efficiently. Spend less time going back and forth between your game and other materials. Spend less time on setup of combat encounters.",
  "authors": [
    {
      "name": "Ben Howard(buttonpusher#8906)"
    }
  ],
  "version": "2.0.0",
  "compatibility": {
    "minimum": "10.276",
    "verified": "10.285"
  },
  "flags": {
  },
  "url": "https://github.com/buttonpushertv/lettertokens",
  "manifest": "https://raw.githubusercontent.com/buttonpushertv/lettertokens/master/module.json",
  "packs": [
    {
      "name": "JournalEntry",
      "label": "LetterTokens-README",
      "path": "packs/Letter_Tokens.db",
      "entity": "JournalEntry",
      "module": "LetterTokens",
      "private": false
    }
  ],
  "protected": false
}
