{
  "name": "LetterTokens",
  "title": "Letter Tokens",
  "description": "Letter Tokens for Use in your FVTT Games",
  "author": "Ben Howard(buttonpusher#8906)",
  "authors": [],
  "url": "https://github.com/buttonpushertv/lettertokens",
  "flags": {},
  "version": "1.0.2",
  "minimumCoreVersion": "0.6.0",
  "compatibleCoreVersion": "0.6.0",
  "scripts": [],
  "esmodules": [],
  "styles": [],
  "languages": [],
  "packs": [
    {
      "name": "JournalEntry",
      "label": "LetterTokens-README",
      "path": "packs/Letter_Tokens.db",
      "entity": "JournalEntry",
      "module": "LetterTokens",
      "type": "JournalEntry",
      "private": false
    }
  ],
  "system": [],
  "dependencies": [],
  "socket": false,
  "manifest": "https://raw.githubusercontent.com/buttonpushertv/lettertokens/master/module.json",
  "download": "https://github.com/buttonpushertv/lettertokens/archive/1.0.2.zip",
  "protected": false,
  "coreTranslation": false,
  "library": false
}